"","product_id","order_id","product_name","aisle","department","product_price"
"413",350,61418,"Mixed 12 Pack Lion's Share Ale","beers coolers","alcohol",64000
"547",522,40123,"Coffee Liqueur","spirits","alcohol",75000
"563",567,61418,"Malbec Red Wine","red wines","alcohol",16000
"585",598,12786,"Cabernet Sauvignon California","red wines","alcohol",51000
"752",927,79003,"Cabernet Sauvignon, Central Coast, 2011","red wines","alcohol",52000
"901",1160,11783,"Pinot Grigio","white wines","alcohol",28000
"902",1160,1325,"Pinot Grigio","white wines","alcohol",28000
"903",1160,102142,"Pinot Grigio","white wines","alcohol",28000
"904",1160,40123,"Pinot Grigio","white wines","alcohol",28000
"905",1160,3819,"Pinot Grigio","white wines","alcohol",28000
"1051",1369,12786,"Sauvignon Blanc, California, 2011","white wines","alcohol",84000
"1657",2120,3819,"Sauvignon Blanc","white wines","alcohol",77000
"1658",2120,9238,"Sauvignon Blanc","white wines","alcohol",77000
"1659",2120,17590,"Sauvignon Blanc","white wines","alcohol",77000
"1660",2120,48038,"Sauvignon Blanc","white wines","alcohol",77000
"1661",2120,9017,"Sauvignon Blanc","white wines","alcohol",77000
"1663",2120,2985,"Sauvignon Blanc","white wines","alcohol",77000
"1664",2120,63429,"Sauvignon Blanc","white wines","alcohol",77000
"1665",2120,48123,"Sauvignon Blanc","white wines","alcohol",77000
"1666",2120,61418,"Sauvignon Blanc","white wines","alcohol",77000
"1667",2120,13061,"Sauvignon Blanc","white wines","alcohol",77000
"1668",2120,66358,"Sauvignon Blanc","white wines","alcohol",77000
"1669",2120,102720,"Sauvignon Blanc","white wines","alcohol",77000
"1670",2120,28175,"Sauvignon Blanc","white wines","alcohol",77000
"1671",2120,79686,"Sauvignon Blanc","white wines","alcohol",77000
"1672",2120,114245,"Sauvignon Blanc","white wines","alcohol",77000
"2317",3038,46154,"Premium Malt Beverage","beers coolers","alcohol",83000
"2318",3038,41277,"Premium Malt Beverage","beers coolers","alcohol",83000
"2658",3632,91861,"Kenwood Cabernet Sauvignon Sonoma Valley 750 Ml","red wines","alcohol",4000
"3291",4398,68839,"Longboard Island Lager","beers coolers","alcohol",62000
"3471",4602,3819,"Lucky 13 Ale","beers coolers","alcohol",11000
"3790",4843,48038,"Rye Whiskey","spirits","alcohol",1000
"4495",5283,93997,"Lager, Jamaican Style","beers coolers","alcohol",13000
"4998",5721,118857,"Vintner's Reserve Zinfandel 2012","red wines","alcohol",33000
"5495",6058,44467,"Cabernet Sauvignon Sonoma County","red wines","alcohol",54000
"5553",6137,73612,"Merlot","red wines","alcohol",50000
"5554",6137,74542,"Merlot","red wines","alcohol",50000
"5711",6263,49334,"Vinter's Collection Chardonnay","white wines","alcohol",53000
"6147",6878,66358,"Red Blend","red wines","alcohol",11000
"6270",7053,68839,"Lime Beer","beers coolers","alcohol",2000
"6764",7717,49966,"Red Wine, Dark, California, 2013","red wines","alcohol",22000
"8745",9425,1325,"Imported Beer","beers coolers","alcohol",36000
"8746",9425,5466,"Imported Beer","beers coolers","alcohol",36000
"8776",9473,75148,"Cabernet Sauvignon, California, 2011","red wines","alcohol",32000
"10334",11292,40123,"The Original Irish Creme Liquer","spirits","alcohol",76000
"10346",11345,77351,"Irish Whiskey Ireland","spirits","alcohol",34000
"10913",12013,6945,"Pinot Noir","red wines","alcohol",64000
"10914",12013,49334,"Pinot Noir","red wines","alcohol",64000
"10915",12013,66358,"Pinot Noir","red wines","alcohol",64000
"10916",12013,71145,"Pinot Noir","red wines","alcohol",64000
"10917",12013,5466,"Pinot Noir","red wines","alcohol",64000
"10918",12013,20253,"Pinot Noir","red wines","alcohol",64000
"10919",12013,19145,"Pinot Noir","red wines","alcohol",64000
"10920",12013,69602,"Pinot Noir","red wines","alcohol",64000
"11021",12129,87622,"12 Oz Lager","beers coolers","alcohol",75000
"13161",13895,40123,"London Dry Gin England","spirits","alcohol",27000
"13168",13911,83464,"Lager","beers coolers","alcohol",22000
"13526",14348,82198,"California Pinot Noir","red wines","alcohol",41000
"13527",14348,79003,"California Pinot Noir","red wines","alcohol",41000
"13555",14385,48038,"Amber Ale","beers coolers","alcohol",48000
"13556",14385,41277,"Amber Ale","beers coolers","alcohol",48000
"13557",14385,78209,"Amber Ale","beers coolers","alcohol",48000
"13558",14385,68839,"Amber Ale","beers coolers","alcohol",48000
"13559",14385,25641,"Amber Ale","beers coolers","alcohol",48000
"14932",16139,78209,"Clara","beers coolers","alcohol",70000
"14933",16139,87622,"Clara","beers coolers","alcohol",70000
"15299",16683,68839,"Little Sumpin' Sumpin' Ale","beers coolers","alcohol",60000
"15300",16683,75148,"Little Sumpin' Sumpin' Ale","beers coolers","alcohol",60000
"15301",16683,69924,"Little Sumpin' Sumpin' Ale","beers coolers","alcohol",60000
"15344",16753,120097,"Pinot Grigio Wine","white wines","alcohol",6000
"16550",17859,120097,"Lager Beer","beers coolers","alcohol",34000
"16769",18060,5466,"Chardonnay Sonoma Coast 2008","white wines","alcohol",5000
"17399",18688,114245,"Gruner Veltliner","white wines","alcohol",24000
"18818",20241,23034,"Brandy VS","spirits","alcohol",47000
"19061",20637,59336,"California Collection Cabernet Sauvignon Wine","red wines","alcohol",3000
"19922",21155,5466,"Chianti Classico","red wines","alcohol",47000
"21185",21948,91861,"Pinot Noir Wine","red wines","alcohol",31000
"21186",21948,41277,"Pinot Noir Wine","red wines","alcohol",31000
"21187",21948,25641,"Pinot Noir Wine","red wines","alcohol",31000
"21201",21974,66358,"Old Vines Zinfandel Wine","red wines","alcohol",64000
"22244",23009,61418,"Smokestack Mixed Four","beers coolers","alcohol",28000
"22248",23013,43636,"Belgian White","beers coolers","alcohol",49000
"25177",25567,91937,"No. 485 Gin","spirits","alcohol",32000
"25581",25934,69924,"60 Minute IPA","beers coolers","alcohol",33000
"26001",26227,48038,"Old Vine Zinfandel","red wines","alcohol",78000
"26311",26566,120097,"London Dry Gin","spirits","alcohol",12000
"26312",26566,37345,"London Dry Gin","spirits","alcohol",12000
"26489",26670,25315,"Mighty Dry Hard Cider","beers coolers","alcohol",68000
"26596",26807,119838,"Fat Tire Amber Ale - 12 CT","beers coolers","alcohol",8000
"27544",27652,13863,"Handmade Vodka","spirits","alcohol",56000
"27545",27652,36333,"Handmade Vodka","spirits","alcohol",56000
"27731",27840,5466,"Icelandic White Ale 6 Pack","beers coolers","alcohol",11000
"27942",27885,48038,"Malbec","red wines","alcohol",41000
"27943",27885,91861,"Malbec","red wines","alcohol",41000
"28284",28155,66497,"Premium Lager Beer","beers coolers","alcohol",36000
"28285",28155,102557,"Premium Lager Beer","beers coolers","alcohol",36000
"28286",28155,83464,"Premium Lager Beer","beers coolers","alcohol",36000
"29307",29020,40123,"Whiskey","spirits","alcohol",20000
"29308",29020,37345,"Whiskey","spirits","alcohol",20000
"29587",29437,83464,"Vintners Reserve Sauvignon Blanc","white wines","alcohol",43000
"29693",29509,105944,"80  Vodka Holiday Edition","spirits","alcohol",69000
"29694",29509,39159,"80  Vodka Holiday Edition","spirits","alcohol",69000
"30060",30036,58528,"Belgian White Wheat Ale","beers coolers","alcohol",15000
"31116",31154,37345,"Frontier Whiskey","spirits","alcohol",34000
"32477",32502,99807,"Belgian Style Wheat Ale","beers coolers","alcohol",49000
"33015",33010,48038,"Old Vine Zin","red wines","alcohol",13000
"33067",33065,44467,"Cabernet Sauvignon","red wines","alcohol",32000
"33068",33065,91861,"Cabernet Sauvignon","red wines","alcohol",32000
"33069",33065,120097,"Cabernet Sauvignon","red wines","alcohol",32000
"33070",33065,66358,"Cabernet Sauvignon","red wines","alcohol",32000
"33071",33065,79003,"Cabernet Sauvignon","red wines","alcohol",32000
"34666",34568,46482,"Bourbon Kentucky Frontier Whiskey","spirits","alcohol",36000
"35381",35419,37345,"Handmade Vodka From Austin, Texas","spirits","alcohol",16000
"35382",35419,18205,"Handmade Vodka From Austin, Texas","spirits","alcohol",16000
"36331",36425,1325,"Chardonnay Wine","white wines","alcohol",37000
"36332",36425,71145,"Chardonnay Wine","white wines","alcohol",37000
"36333",36425,84969,"Chardonnay Wine","white wines","alcohol",37000
"36417",36600,61166,"Beer Cans","beers coolers","alcohol",54000
"36418",36601,50283,"Moscato","white wines","alcohol",66000
"38020",38444,103085,"Chardonnay","white wines","alcohol",60000
"38021",38444,48302,"Chardonnay","white wines","alcohol",60000
"38022",38444,1325,"Chardonnay","white wines","alcohol",60000
"38023",38444,102142,"Chardonnay","white wines","alcohol",60000
"38024",38444,69942,"Chardonnay","white wines","alcohol",60000
"38025",38444,55994,"Chardonnay","white wines","alcohol",60000
"38026",38444,7264,"Chardonnay","white wines","alcohol",60000
"38027",38444,44467,"Chardonnay","white wines","alcohol",60000
"38174",38569,69602,"Old Vine Zinfandel Wine","red wines","alcohol",23000
"38694",39106,100813,"Variety Pack Summer Styles","beers coolers","alcohol",69000
"40281",40576,3819,"Sauvignon","white wines","alcohol",38000
"40282",40576,9238,"Sauvignon","white wines","alcohol",38000
"40713",40905,102557,"Tequila Silver","spirits","alcohol",59000
"40818",41131,3209,"India Pale Ale","beers coolers","alcohol",68000
"40819",41131,23041,"India Pale Ale","beers coolers","alcohol",68000
"40820",41131,94909,"India Pale Ale","beers coolers","alcohol",68000
"40821",41131,68839,"India Pale Ale","beers coolers","alcohol",68000
"41160",41539,83464,"Variety Pack Hard Cider","beers coolers","alcohol",21000
"41161",41539,100813,"Variety Pack Hard Cider","beers coolers","alcohol",21000
"41665",42058,40123,"Cabernet Sauvignon, Central Coast, 2007","red wines","alcohol",71000
"41763",42263,78209,"Blonde Ale","beers coolers","alcohol",33000
"41764",42263,87622,"Blonde Ale","beers coolers","alcohol",33000
"43190",43610,22729,"Butter Napa Valley","white wines","alcohol",29000
"43464",43852,109600,"Blended Scotch Whiskey","spirits","alcohol",51000
"43511",43892,23041,"Premium Belgian Lager","beers coolers","alcohol",68000
"43512",43892,49102,"Premium Belgian Lager","beers coolers","alcohol",68000
"45196",45190,1325,"Vodka","spirits","alcohol",28000
"45197",45190,73206,"Vodka","spirits","alcohol",28000
"45198",45190,33160,"Vodka","spirits","alcohol",28000
"45199",45190,3819,"Vodka","spirits","alcohol",28000
"45200",45190,11783,"Vodka","spirits","alcohol",28000
"45201",45190,94456,"Vodka","spirits","alcohol",28000
"45202",45190,40123,"Vodka","spirits","alcohol",28000
"45204",45190,30974,"Vodka","spirits","alcohol",28000
"45205",45190,4935,"Vodka","spirits","alcohol",28000
"45325",45432,44467,"Brewmaster's Seasonal Sampler","beers coolers","alcohol",2000
"45326",45432,41277,"Brewmaster's Seasonal Sampler","beers coolers","alcohol",2000
"45368",45511,119838,"Extra Beer Bottles","beers coolers","alcohol",8000
"45671",45924,3819,"Triple Distilled Vodka","spirits","alcohol",4000
"45795",46088,78209,"Beer","beers coolers","alcohol",11000
"45796",46088,102720,"Beer","beers coolers","alcohol",11000
"45797",46088,25641,"Beer","beers coolers","alcohol",11000
"45798",46088,48038,"Beer","beers coolers","alcohol",11000
"45799",46088,43636,"Beer","beers coolers","alcohol",11000
"45800",46088,109640,"Beer","beers coolers","alcohol",11000
"45801",46088,33785,"Beer","beers coolers","alcohol",11000
"45802",46088,120831,"Beer","beers coolers","alcohol",11000
"45803",46088,19145,"Beer","beers coolers","alcohol",11000
"45804",46088,68839,"Beer","beers coolers","alcohol",11000
"45805",46088,41277,"Beer","beers coolers","alcohol",11000
"46132",46615,102720,"Blue Ribbon Beer","beers coolers","alcohol",34000
"48684",48298,114358,"Cotes Des Rose Grenache Cinsault-Syrah","red wines","alcohol",35000
"48685",48298,40479,"Cotes Des Rose Grenache Cinsault-Syrah","red wines","alcohol",35000
"49098",48710,61418,"Pinto Noir, Monterey, 2007","red wines","alcohol",5000
"49099",48710,71145,"Pinto Noir, Monterey, 2007","red wines","alcohol",5000
"49838",49544,66981,"Cabernet Sauvignon Wine","red wines","alcohol",31000
